Time,TimeCumulative,TrainObj,TrainBest,TestObj,TestBest
43.368793806,43.368793806,2051.856977451762,2051.856977451762,6.461965753762432e7,6.461965753762432e7
