Time,TimeCumulative,TrainObj,TrainBest,TestObj,TestBest
1.390070554,1.390070554,4.3000616088413425e-14,4.3000616088413425e-14,288.3436557658543,288.3436557658543
