Time,TimeCumulative,TrainObj,TrainBest,TestObj,TestBest
4.855225409,4.855225409,3823.8722366592874,3823.8722366592874,1.1477625638015749e8,1.1477625638015749e8
