Time,TimeCumulative,Objective,Best
0.981699925,0.981699925,6.679464204725346,6.679464204725346
