Time,TimeCumulative,TrainObj,TrainBest,TestObj,TestBest
135.489493716,135.489493716,919.9854890246172,919.9854890246172,990921.9239032277,990921.9239032277
