Time,TimeCumulative,TrainObj,TrainBest,TestObj,TestBest
1.463602147,1.463602147,4.3000616088413425e-14,4.3000616088413425e-14,288.3436557658543,288.3436557658543
