Time,TimeCumulative,TrainObj,TrainBest,TestObj,TestBest
129.953558122,129.953558122,919.9854890246172,919.9854890246172,990921.9239032277,990921.9239032277
