Time,TimeCumulative,TrainObj,TrainBest,TestObj,TestBest
47.676422071,47.676422071,2051.856977451762,2051.856977451762,6.461965753762432e7,6.461965753762432e7
